benchmark,runs,ns/op,iter_ns/key,keys/op,B/op,allocs/op
BenchmarkComparePoints/Tree/GetHit-48,5,108.9,,,0.0,0.0
BenchmarkComparePoints/Tree/GetMiss-48,5,105.7,,,0.0,0.0
BenchmarkComparePoints/Tree/Update-48,5,166.5,,,0.0,0.0
BenchmarkComparePoints/TreeHash/GetHit-48,5,21.28,,,0.0,0.0
BenchmarkComparePoints/TreeHash/GetMiss-48,5,29.64,,,0.0,0.0
BenchmarkComparePoints/TreeHash/Update-48,5,109.1,,,0.0,0.0
BenchmarkComparePoints/Dict/GetHit-48,5,110.6,,,0.0,0.0
BenchmarkComparePoints/Dict/GetMiss-48,5,104.7,,,0.0,0.0
BenchmarkComparePoints/Dict/Update-48,5,112.7,,,0.0,0.0
BenchmarkComparePoints/DictHash/GetHit-48,5,27.39,,,0.0,0.0
BenchmarkComparePoints/DictHash/GetMiss-48,5,31.56,,,0.0,0.0
BenchmarkComparePoints/DictHash/Update-48,5,28.93,,,0.0,0.0
BenchmarkComparePoints/GoMap/GetHit-48,5,16.55,,,0.0,0.0
BenchmarkComparePoints/GoMap/GetMiss-48,5,16.19,,,0.0,0.0
BenchmarkComparePoints/GoMap/Update-48,5,28.9,,,0.0,0.0
BenchmarkCompareIteration/Tree/NoHash/Scan10000-48,5,22489.0,4.737,4747.0,0.0,0.0
BenchmarkCompareIteration/Tree/NoHash/Scan100000-48,5,121928.0,4.714,25851.0,0.0,0.0
BenchmarkCompareIteration/Dict/NoHash/Iterate-48,5,184135.0,2.81,65536.0,0.0,0.0
BenchmarkCompareIteration/Tree/Hash/Scan10000-48,5,22337.0,4.703,4750.0,0.0,0.0
BenchmarkCompareIteration/Tree/Hash/Scan100000-48,5,121569.0,4.72,25840.0,0.0,0.0
BenchmarkCompareIteration/Dict/Hash/Iterate-48,5,171217.0,2.613,65536.0,0.0,0.0
