phase,benchmark,runs,ns/op,iter_ns/key,keys/op,B/op,allocs/op
before,BenchmarkTree/BP/h32-b32/FindHit-48,5,152.3,,,0.0,0.0
before,BenchmarkTree/BP/h32-b32/FindHit2-48,5,149.4,,,0.0,0.0
before,BenchmarkTree/BP/h32-b32/FindMiss-48,5,176.7,,,0.0,0.0
before,BenchmarkTree/BP/h32-b32/FindMiss2-48,5,168.9,,,0.0,0.0
before,BenchmarkTree/BP/h32-b32/Update-48,5,396.1,,,0.0,0.0
before,BenchmarkTree/BP/h32-b32/InsertRandom-48,5,1089.0,,,159.0,0.0
before,BenchmarkTree/BP/h32-b32/InsertSequential-48,5,1048.0,,,718.0,0.0
before,BenchmarkTree/BP/h32-b32/Scan100-48,5,943.8,18.772362224518165,,0.0,0.0
before,BenchmarkTree/BP/h32-b32/Scan10000-48,5,69550.0,14.576835769525882,,0.0,0.0
before,BenchmarkTree/BP/h32-b32/Scan100000-48,5,355648.0,14.321389480684505,,0.0,0.0
before,BenchmarkTree/BP/h32-b32/Map100-48,5,4008.0,79.7578742357102,,3396.0,6.0
before,BenchmarkTree/BP/h32-b32/Map10000-48,5,167073.0,35.121326094172424,,67042.0,11.0
before,BenchmarkTree/BP/h32-b32/Map100000-48,5,709859.0,28.270422079380573,,75567.0,11.0
before,BenchmarkYCSB/BP/h32-b32/Uniform/A-48,5,274.9,,,0.0,0.0
before,BenchmarkYCSB/BP/h32-b32/Uniform/B-48,5,159.1,,,0.0,0.0
before,BenchmarkYCSB/BP/h32-b32/Uniform/C-48,5,152.4,,,0.0,0.0
before,BenchmarkYCSB/BP/h32-b32/Uniform/E-48,5,1039.0,21.81818245289258,,10.0,0.0
before,BenchmarkYCSB/BP/h32-b32/Uniform/X-48,5,69140.0,14.480807376836063,,0.0,0.0
before,BenchmarkYCSB/BP/h32-b32/Uniform/Y-48,5,162982.0,34.467796031577876,,67040.0,11.0
before,BenchmarkYCSB/BP/h32-b32/Zipf99/A-48,5,148.3,,,0.0,0.0
before,BenchmarkYCSB/BP/h32-b32/Zipf99/B-48,5,123.2,,,0.0,0.0
before,BenchmarkYCSB/BP/h32-b32/Zipf99/C-48,5,127.5,,,0.0,0.0
before,BenchmarkYCSB/BP/h32-b32/Zipf99/E-48,5,915.9,19.304842654528606,,9.0,0.0
before,BenchmarkYCSB/BP/h32-b32/Zipf99/X-48,5,69096.0,14.470543645590686,,0.0,0.0
before,BenchmarkYCSB/BP/h32-b32/Zipf99/Y-48,5,167999.0,35.64156165355746,,67045.0,11.0
before,BenchmarkDict/Get-48,5,162.8,,,0.0,0.0
before,BenchmarkDict/Get2-48,5,162.0,,,0.0,0.0
before,BenchmarkDict/Update-48,5,164.3,,,0.0,0.0
before,BenchmarkDict/Iterate-48,5,183614.0,2.801729592850246,,0.0,0.0
before,BenchmarkDict/DeleteCurrent-48,5,101141285.0,1543.293233430818,,31642234.0,1508.0
after,BenchmarkTree/BP/h32-b32/FindHit-48,5,21.93,,,0.0,0.0
after,BenchmarkTree/BP/h32-b32/FindHit2-48,5,21.59,,,0.0,0.0
after,BenchmarkTree/BP/h32-b32/FindMiss-48,5,30.17,,,0.0,0.0
after,BenchmarkTree/BP/h32-b32/FindMiss2-48,5,28.7,,,0.0,0.0
after,BenchmarkTree/BP/h32-b32/Update-48,5,108.8,,,0.0,0.0
after,BenchmarkTree/BP/h32-b32/InsertRandom-48,5,919.4,,,315.0,0.0
after,BenchmarkTree/BP/h32-b32/InsertSequential-48,5,1158.0,,,863.0,0.0
after,BenchmarkTree/BP/h32-b32/Scan100-48,5,422.1,8.396,50.27,0.0,0.0
after,BenchmarkTree/BP/h32-b32/Scan10000-48,5,23047.0,4.853,4750.0,0.0,0.0
after,BenchmarkTree/BP/h32-b32/Scan100000-48,5,122482.0,4.742,25827.0,0.0,0.0
after,BenchmarkTree/BP/h32-b32/Map100-48,5,634.8,12.63,50.27,0.0,0.0
after,BenchmarkTree/BP/h32-b32/Map10000-48,5,27806.0,5.87,4737.0,0.0,0.0
after,BenchmarkTree/BP/h32-b32/Map100000-48,5,149559.0,5.755,25975.0,0.0,0.0
after,BenchmarkYCSB/BP/h32-b32/Uniform/A-48,5,74.64,,,0.0,0.0
after,BenchmarkYCSB/BP/h32-b32/Uniform/B-48,5,29.55,,,0.0,0.0
after,BenchmarkYCSB/BP/h32-b32/Uniform/C-48,5,25.35,,,0.0,0.0
after,BenchmarkYCSB/BP/h32-b32/Uniform/E-48,5,497.2,10.44,47.61,22.0,0.0
after,BenchmarkYCSB/BP/h32-b32/Uniform/X-48,5,23626.0,4.974,4747.0,0.0,0.0
after,BenchmarkYCSB/BP/h32-b32/Uniform/Y-48,5,28786.0,6.077,4737.0,0.0,0.0
after,BenchmarkYCSB/BP/h32-b32/Zipf99/A-48,5,58.78,,,0.0,0.0
after,BenchmarkYCSB/BP/h32-b32/Zipf99/B-48,5,20.7,,,0.0,0.0
after,BenchmarkYCSB/BP/h32-b32/Zipf99/C-48,5,16.97,,,0.0,0.0
after,BenchmarkYCSB/BP/h32-b32/Zipf99/E-48,5,448.6,9.455,47.45,19.0,0.0
after,BenchmarkYCSB/BP/h32-b32/Zipf99/X-48,5,22192.0,4.633,4787.0,0.0,0.0
after,BenchmarkYCSB/BP/h32-b32/Zipf99/Y-48,5,28919.0,6.057,4774.0,0.0,0.0
after,BenchmarkDict/Get-48,5,26.43,,,0.0,0.0
after,BenchmarkDict/Get2-48,5,26.48,,,0.0,0.0
after,BenchmarkDict/Update-48,5,28.0,,,0.0,0.0
after,BenchmarkDict/Iterate-48,5,185156.0,2.825,65536.0,0.0,0.0
after,BenchmarkDict/DeleteCurrent-48,5,79900544.0,1219.0,65536.0,31642056.0,1507.0
reference,BenchmarkReferencePoints/Tree/Get-48,3,25.16,,,0.0,0.0
reference,BenchmarkReferencePoints/Tree/Get2-48,3,26.03,,,0.0,0.0
reference,BenchmarkReferencePoints/Tree/GetMiss-48,3,33.9,,,0.0,0.0
reference,BenchmarkReferencePoints/Tree/Update-48,3,211.2,,,0.0,0.0
reference,BenchmarkReferencePoints/Tree/Insert-48,3,1257.0,,,269.0,0.0
reference,BenchmarkReferencePoints/TreeOnly/Get-48,3,261.5,,,0.0,0.0
reference,BenchmarkReferencePoints/TreeOnly/Get2-48,3,262.1,,,0.0,0.0
reference,BenchmarkReferencePoints/TreeOnly/GetMiss-48,3,204.9,,,0.0,0.0
reference,BenchmarkReferencePoints/TreeOnly/Update-48,3,413.3,,,0.0,0.0
reference,BenchmarkReferencePoints/TreeOnly/Insert-48,3,1684.0,,,207.0,0.0
reference,BenchmarkReferencePoints/Dict/Get-48,3,30.72,,,0.0,0.0
reference,BenchmarkReferencePoints/Dict/Get2-48,3,30.32,,,0.0,0.0
reference,BenchmarkReferencePoints/Dict/GetMiss-48,3,39.58,,,0.0,0.0
reference,BenchmarkReferencePoints/Dict/Update-48,3,33.41,,,0.0,0.0
reference,BenchmarkReferencePoints/Dict/Insert-48,3,1523.0,,,336.0,1.0
reference,BenchmarkReferencePoints/KeyStableHash/Get-48,3,19.27,,,0.0,0.0
reference,BenchmarkReferencePoints/KeyStableHash/Get2-48,3,18.59,,,0.0,0.0
reference,BenchmarkReferencePoints/KeyStableHash/GetMiss-48,3,19.15,,,0.0,0.0
reference,BenchmarkReferencePoints/KeyStableHash/Update-48,3,22.29,,,0.0,0.0
reference,BenchmarkReferencePoints/KeyStableHash/Insert-48,3,20.92,,,0.0,0.0
reference,BenchmarkReferencePoints/GoMap/Get-48,3,20.93,,,0.0,0.0
reference,BenchmarkReferencePoints/GoMap/Get2-48,3,21.73,,,0.0,0.0
reference,BenchmarkReferencePoints/GoMap/GetMiss-48,3,20.67,,,0.0,0.0
reference,BenchmarkReferencePoints/GoMap/Update-48,3,40.02,,,0.0,0.0
reference,BenchmarkReferencePoints/GoMap/Insert-48,3,38.25,,,0.0,0.0
